[
  {
    "id": "cc465b34-28e2-4fc0-850b-8bfeeb991de4",
    "data": [
      {
        "text": "tell me if the ",
        "userDefined": false
      },
      {
        "text": "flight mode",
        "alias": "module",
        "meta": "@device-module",
        "userDefined": false
      },
      {
        "text": " is ",
        "userDefined": false
      },
      {
        "text": "on",
        "alias": "action",
        "meta": "@device-action",
        "userDefined": true
      }
    ],
    "isTemplate": false,
    "count": 0,
    "updated": 0
  },
  {
    "id": "3658a4ac-04ae-456c-93bd-e0b438d7462e",
    "data": [
      {
        "text": "check if ",
        "userDefined": false
      },
      {
        "text": "Bluetooth",
        "alias": "module",
        "meta": "@device-module",
        "userDefined": false
      },
      {
        "text": " is ",
        "userDefined": false
      },
      {
        "text": "switched on",
        "alias": "action",
        "meta": "@device-action",
        "userDefined": true
      }
    ],
    "isTemplate": false,
    "count": 0,
    "updated": 0
  },
  {
    "id": "25c698ae-ef06-46c2-881d-e99d23dbae89",
    "data": [
      {
        "text": "is ",
        "userDefined": false
      },
      {
        "text": "GPS",
        "alias": "module",
        "meta": "@device-module",
        "userDefined": true
      },
      {
        "text": " ",
        "userDefined": false
      },
      {
        "text": "off",
        "alias": "action",
        "meta": "@device-action",
        "userDefined": true
      }
    ],
    "isTemplate": false,
    "count": 0,
    "updated": 0
  },
  {
    "id": "89c1b827-1609-4dd4-996b-b8e00d24fd4c",
    "data": [
      {
        "text": "check ",
        "userDefined": false
      },
      {
        "text": "Wi-Fi",
        "alias": "module",
        "meta": "@device-module",
        "userDefined": false
      },
      {
        "text": " connection",
        "userDefined": false
      }
    ],
    "isTemplate": false,
    "count": 0,
    "updated": 0
  },
  {
    "id": "cc684922-6912-4d0c-87a6-7be59999f533",
    "data": [
      {
        "text": "is my ",
        "userDefined": false
      },
      {
        "text": "Bluetooth",
        "alias": "module",
        "meta": "@device-module",
        "userDefined": false
      },
      {
        "text": " ",
        "userDefined": false
      },
      {
        "text": "activated",
        "alias": "action",
        "meta": "@device-action",
        "userDefined": true
      }
    ],
    "isTemplate": false,
    "count": 0,
    "updated": 0
  },
  {
    "id": "834897e1-4633-40c1-afb0-1a5a16dfbc08",
    "data": [
      {
        "text": "is my ",
        "userDefined": false
      },
      {
        "text": "GPS",
        "alias": "module",
        "meta": "@device-module",
        "userDefined": true
      },
      {
        "text": " ",
        "userDefined": false
      },
      {
        "text": "on",
        "alias": "action",
        "meta": "@device-action",
        "userDefined": true
      }
    ],
    "isTemplate": false,
    "count": 1,
    "updated": 0
  },
  {
    "id": "0606caae-83b1-44ca-b1ec-f2d179f7f94d",
    "data": [
      {
        "text": "is my phone in ",
        "userDefined": false
      },
      {
        "text": "silent mode",
        "alias": "module",
        "meta": "@device-module",
        "userDefined": false
      }
    ],
    "isTemplate": false,
    "count": 0,
    "updated": 0
  },
  {
    "id": "a04bb206-8a60-464b-98ed-9e1bc3f57e3a",
    "data": [
      {
        "text": "is my ",
        "userDefined": false
      },
      {
        "text": "GPS",
        "alias": "module",
        "meta": "@device-module",
        "userDefined": false
      },
      {
        "text": " ",
        "userDefined": false
      },
      {
        "text": "working",
        "alias": "action",
        "meta": "@device-action",
        "userDefined": true
      }
    ],
    "isTemplate": false,
    "count": 0,
    "updated": 0
  },
  {
    "id": "23ed758a-2e01-4450-bfcd-b8746b85ab3c",
    "data": [
      {
        "text": "is my ",
        "userDefined": false
      },
      {
        "text": "mobile",
        "alias": "module",
        "meta": "@device-module",
        "userDefined": false
      },
      {
        "text": " data ",
        "userDefined": false
      },
      {
        "text": "enabled",
        "alias": "action",
        "meta": "@device-action",
        "userDefined": true
      }
    ],
    "isTemplate": false,
    "count": 0,
    "updated": 0
  }
]