[
  {
    "id": "f372b9de-fffd-4185-8606-3c1a27f3d48a",
    "data": [
      {
        "text": "unlock lock screen",
        "userDefined": false
      }
    ],
    "isTemplate": false,
    "count": 0,
    "updated": 0
  },
  {
    "id": "0d5dffbe-c81c-43d8-b440-81e9d2a285fd",
    "data": [
      {
        "text": "can you unlock the screen",
        "userDefined": false
      }
    ],
    "isTemplate": false,
    "count": 0,
    "updated": 0
  },
  {
    "id": "ae302c94-ad2a-4271-a3bf-3a2c6e825457",
    "data": [
      {
        "text": "unlock the screen",
        "userDefined": false
      }
    ],
    "isTemplate": false,
    "count": 0,
    "updated": 0
  },
  {
    "id": "b2ad4205-a999-42e8-9cdb-777a48830a31",
    "data": [
      {
        "text": "disable lock screen",
        "userDefined": false
      }
    ],
    "isTemplate": false,
    "count": 0,
    "updated": 0
  },
  {
    "id": "4d0029b8-bcb7-4f76-85cb-8037b79b322d",
    "data": [
      {
        "text": "unlock the phone",
        "userDefined": false
      }
    ],
    "isTemplate": false,
    "count": 0,
    "updated": 0
  },
  {
    "id": "08000e21-c675-402f-9819-dcb72f9d880f",
    "data": [
      {
        "text": "disable screen lock",
        "userDefined": false
      }
    ],
    "isTemplate": false,
    "count": 0,
    "updated": 0
  },
  {
    "id": "3492543b-a779-4e1f-bd7c-433378b57abc",
    "data": [
      {
        "text": "unlock my screen",
        "userDefined": false
      }
    ],
    "isTemplate": false,
    "count": 0,
    "updated": 0
  },
  {
    "id": "5e8ed828-1ad6-40c3-9a51-b076e4ce23f8",
    "data": [
      {
        "text": "turn off screen lock",
        "userDefined": false
      }
    ],
    "isTemplate": false,
    "count": 0,
    "updated": 0
  },
  {
    "id": "eaae3f76-5eba-47ae-a118-e4acdc61324e",
    "data": [
      {
        "text": "unlock the home screen",
        "userDefined": false
      }
    ],
    "isTemplate": false,
    "count": 0,
    "updated": 0
  },
  {
    "id": "f1ff70ca-0313-4307-9677-791bad54cfa7",
    "data": [
      {
        "text": "screen unlock",
        "userDefined": false
      }
    ],
    "isTemplate": false,
    "count": 0,
    "updated": 0
  }
]