[
  {
    "id": "72d59e35-cd2a-4265-8553-f7101e15053a",
    "data": [
      {
        "text": "what OS do I use",
        "userDefined": false
      }
    ],
    "isTemplate": false,
    "count": 0,
    "updated": 0
  },
  {
    "id": "de50f88d-03ac-4b43-aa03-a46fda0f4784",
    "data": [
      {
        "text": "what is my operational system",
        "userDefined": false
      }
    ],
    "isTemplate": false,
    "count": 0,
    "updated": 0
  },
  {
    "id": "1693b072-2b5d-4341-a2d0-6d274785d53b",
    "data": [
      {
        "text": "what Andriod version do I have",
        "userDefined": false
      }
    ],
    "isTemplate": false,
    "count": 0,
    "updated": 0
  },
  {
    "id": "4a02572f-6da3-444f-b676-8d9e277a5867",
    "data": [
      {
        "text": "check my OS",
        "userDefined": false
      }
    ],
    "isTemplate": false,
    "count": 0,
    "updated": 0
  },
  {
    "id": "f8566f8b-c4b3-41f0-b637-576dd86df422",
    "data": [
      {
        "text": "my Android version",
        "userDefined": false
      }
    ],
    "isTemplate": false,
    "count": 0,
    "updated": 0
  },
  {
    "id": "a498172f-8294-42b4-91d1-59a66c40a4ea",
    "data": [
      {
        "text": "check operational system",
        "userDefined": false
      }
    ],
    "isTemplate": false,
    "count": 0,
    "updated": 0
  },
  {
    "id": "7f947b6e-0e21-424a-8b0e-31f95b231c5d",
    "data": [
      {
        "text": "what OS version do I have",
        "userDefined": false
      }
    ],
    "isTemplate": false,
    "count": 0,
    "updated": 0
  },
  {
    "id": "6b092b28-2a59-4ab7-b3ab-dba8e04fbe70",
    "data": [
      {
        "text": "what OS am I running",
        "userDefined": false
      }
    ],
    "isTemplate": false,
    "count": 0,
    "updated": 0
  },
  {
    "id": "3c64a888-d063-4c53-9c63-5e26d3c9950d",
    "data": [
      {
        "text": "software version",
        "userDefined": false
      }
    ],
    "isTemplate": false,
    "count": 0,
    "updated": 0
  },
  {
    "id": "4de5f0a7-553f-4445-8f56-04cc16960430",
    "data": [
      {
        "text": "check OS version",
        "userDefined": false
      }
    ],
    "isTemplate": false,
    "count": 0,
    "updated": 0
  },
  {
    "id": "bf2d98cc-eb80-499a-a21f-775d7312f9fb",
    "data": [
      {
        "text": "check my iOS version",
        "userDefined": false
      }
    ],
    "isTemplate": false,
    "count": 0,
    "updated": 0
  }
]