[
  {
    "id": "04aea83b-85ee-4c5e-9efc-f2eedeefc2ed",
    "data": [
      {
        "text": "turn ",
        "userDefined": false
      },
      {
        "text": "on",
        "meta": "@sys.ignore",
        "userDefined": false
      },
      {
        "text": " lock screen",
        "userDefined": false
      }
    ],
    "isTemplate": false,
    "count": 0,
    "updated": 0
  },
  {
    "id": "5c3e2df1-ceef-413d-8685-f201dbbae31e",
    "data": [
      {
        "text": "take me to my lock screen",
        "userDefined": false
      }
    ],
    "isTemplate": false,
    "count": 0,
    "updated": 0
  },
  {
    "id": "038172b2-26a3-4619-bfd7-2f630ffbac29",
    "data": [
      {
        "text": "activate lock screen",
        "userDefined": false
      }
    ],
    "isTemplate": false,
    "count": 0,
    "updated": 0
  },
  {
    "id": "a87a5f6e-821d-4fa7-8ff1-da4caf535be7",
    "data": [
      {
        "text": "open the screen lock",
        "userDefined": false
      }
    ],
    "isTemplate": false,
    "count": 0,
    "updated": 0
  },
  {
    "id": "a1181e56-06cf-44c5-94c0-b9e8458a4dba",
    "data": [
      {
        "text": " lock the screen",
        "userDefined": false
      }
    ],
    "isTemplate": false,
    "count": 0,
    "updated": 0
  },
  {
    "id": "6dfd7f9b-957d-48c7-a6e5-45b957216665",
    "data": [
      {
        "text": "set screen lock",
        "userDefined": false
      }
    ],
    "isTemplate": false,
    "count": 0,
    "updated": 0
  },
  {
    "id": "7ed70ba9-31e7-4977-9dd3-4a39ca236bf7",
    "data": [
      {
        "text": "lock the home screen",
        "userDefined": false
      }
    ],
    "isTemplate": false,
    "count": 0,
    "updated": 0
  },
  {
    "id": "78d96c2b-6e27-437e-8d57-6afb0c803ff2",
    "data": [
      {
        "text": "screen lock",
        "userDefined": false
      }
    ],
    "isTemplate": false,
    "count": 0,
    "updated": 0
  },
  {
    "id": "53ea55a6-d833-4984-853d-f0b1f6065229",
    "data": [
      {
        "text": "can you lock my phone",
        "userDefined": false
      }
    ],
    "isTemplate": false,
    "count": 0,
    "updated": 0
  }
]