[
  {
    "id": "ab5ed1c5-d864-4a73-bd4e-19e5cadcab9d",
    "data": [
      {
        "text": "GPS",
        "alias": "module",
        "meta": "@device-module",
        "userDefined": true
      },
      {
        "text": " on now",
        "userDefined": false
      }
    ],
    "isTemplate": false,
    "count": 0,
    "updated": 0
  },
  {
    "id": "152a17a9-3deb-4784-9724-9db302e78264",
    "data": [
      {
        "text": "activate ",
        "userDefined": false
      },
      {
        "text": "airplane mode",
        "alias": "module",
        "meta": "@device-module",
        "userDefined": false
      }
    ],
    "isTemplate": false,
    "count": 0,
    "updated": 0
  },
  {
    "id": "1fc36b9e-ea91-4657-9c48-36fe9b1c3761",
    "data": [
      {
        "text": "turn up the ",
        "userDefined": false
      },
      {
        "text": "volume",
        "alias": "module",
        "meta": "@device-module",
        "userDefined": true
      }
    ],
    "isTemplate": false,
    "count": 0,
    "updated": 0
  },
  {
    "id": "13b582b6-bfe7-4d52-9372-ccf3108b7ddf",
    "data": [
      {
        "text": "from now on ",
        "userDefined": false
      },
      {
        "text": "GPS",
        "alias": "module",
        "meta": "@device-module",
        "userDefined": true
      },
      {
        "text": " on",
        "userDefined": false
      }
    ],
    "isTemplate": false,
    "count": 0,
    "updated": 0
  },
  {
    "id": "b3e4bd4d-9392-46d7-b4fb-7352d9de295d",
    "data": [
      {
        "text": "enable",
        "meta": "@sys.ignore",
        "userDefined": false
      },
      {
        "text": " ",
        "userDefined": false
      },
      {
        "text": "mobile data",
        "alias": "module",
        "meta": "@device-module",
        "userDefined": true
      }
    ],
    "isTemplate": false,
    "count": 0,
    "updated": 0
  },
  {
    "id": "86b02c6b-c203-4b67-838f-b7c636e237ca",
    "data": [
      {
        "text": "switch ",
        "userDefined": false
      },
      {
        "text": "airplane mode",
        "alias": "module",
        "meta": "@device-module",
        "userDefined": false
      },
      {
        "text": " ",
        "userDefined": false
      },
      {
        "text": "on",
        "meta": "@sys.ignore",
        "userDefined": false
      }
    ],
    "isTemplate": false,
    "count": 0,
    "updated": 0
  },
  {
    "id": "c8461444-519d-428b-817a-3e2a6ba4564b",
    "data": [
      {
        "text": "put my phone ",
        "userDefined": false
      },
      {
        "text": "on",
        "meta": "@sys.ignore",
        "userDefined": false
      },
      {
        "text": " ",
        "userDefined": false
      },
      {
        "text": "silent",
        "alias": "module",
        "meta": "@device-module",
        "userDefined": false
      }
    ],
    "isTemplate": false,
    "count": 0,
    "updated": 0
  },
  {
    "id": "cc282dd3-f874-4848-a8d2-2f154f5f2dbd",
    "data": [
      {
        "text": "turn ",
        "userDefined": false
      },
      {
        "text": "GPS",
        "alias": "module",
        "meta": "@device-module",
        "userDefined": true
      },
      {
        "text": " ",
        "userDefined": false
      },
      {
        "text": "on",
        "meta": "@sys.ignore",
        "userDefined": false
      }
    ],
    "isTemplate": false,
    "count": 0,
    "updated": 0
  },
  {
    "id": "8b098553-76aa-4405-9d2e-76949f670a19",
    "data": [
      {
        "text": "connect ",
        "userDefined": false
      },
      {
        "text": "Wi-Fi",
        "alias": "module",
        "meta": "@device-module",
        "userDefined": false
      }
    ],
    "isTemplate": false,
    "count": 0,
    "updated": 0
  },
  {
    "id": "613f43a6-c0f1-4149-b656-02821674c379",
    "data": [
      {
        "text": "vibration",
        "alias": "module",
        "meta": "@device-module",
        "userDefined": false
      },
      {
        "text": " ",
        "userDefined": false
      },
      {
        "text": "on",
        "meta": "@sys.ignore",
        "userDefined": false
      }
    ],
    "isTemplate": false,
    "count": 0,
    "updated": 0
  },
  {
    "id": "daf1f747-453c-4f56-ae87-bc802d0e0beb",
    "data": [
      {
        "text": "bring ",
        "userDefined": false
      },
      {
        "text": "on",
        "meta": "@sys.ignore",
        "userDefined": false
      },
      {
        "text": " the ",
        "userDefined": false
      },
      {
        "text": "Bluetooth",
        "alias": "module",
        "meta": "@device-module",
        "userDefined": false
      }
    ],
    "isTemplate": false,
    "count": 0,
    "updated": 0
  }
]