[
  {
    "id": "cf6bf821-96a2-4d9d-bf73-2db03c9bfd08",
    "data": [
      {
        "text": "Bluetooth",
        "alias": "module",
        "meta": "@device-module",
        "userDefined": false
      },
      {
        "text": " also",
        "userDefined": false
      }
    ],
    "isTemplate": false,
    "count": 0,
    "updated": 0
  },
  {
    "id": "42fb9ab6-7ac1-4cdb-b786-50f895f3bd98",
    "data": [
      {
        "text": "now",
        "meta": "@sys.ignore",
        "userDefined": false
      },
      {
        "text": " ",
        "userDefined": false
      },
      {
        "text": "silent mode",
        "alias": "module",
        "meta": "@device-module",
        "userDefined": true
      }
    ],
    "isTemplate": false,
    "count": 0,
    "updated": 0
  },
  {
    "id": "a4130ee5-560f-4a54-9416-47372104d3df",
    "data": [
      {
        "text": "power saving mode",
        "alias": "module",
        "meta": "@device-module",
        "userDefined": false
      },
      {
        "text": " too",
        "userDefined": false
      }
    ],
    "isTemplate": false,
    "count": 0,
    "updated": 0
  },
  {
    "id": "7a1e188e-2808-41c5-90bc-c6870133274f",
    "data": [
      {
        "text": "GPS",
        "alias": "module",
        "meta": "@device-module",
        "userDefined": true
      },
      {
        "text": " as ",
        "userDefined": false
      },
      {
        "text": "well",
        "meta": "@sys.ignore",
        "userDefined": false
      }
    ],
    "isTemplate": false,
    "count": 0,
    "updated": 0
  },
  {
    "id": "ca3f1d17-28d9-47d5-8198-668a321ca682",
    "data": [
      {
        "text": "also ",
        "userDefined": false
      },
      {
        "text": "WiFi",
        "alias": "module",
        "meta": "@device-module",
        "userDefined": false
      }
    ],
    "isTemplate": false,
    "count": 0,
    "updated": 0
  },
  {
    "id": "3522439d-8aba-49b9-98e4-dc71fec41278",
    "data": [
      {
        "text": "flight mode",
        "alias": "module",
        "meta": "@device-module",
        "userDefined": false
      },
      {
        "text": " ",
        "userDefined": false
      },
      {
        "text": "now",
        "meta": "@sys.ignore",
        "userDefined": false
      }
    ],
    "isTemplate": false,
    "count": 0,
    "updated": 0
  },
  {
    "id": "7c9629a4-a298-4d16-a91b-ee0b8149de1d",
    "data": [
      {
        "text": "mobile data",
        "alias": "module",
        "meta": "@device-module",
        "userDefined": true
      },
      {
        "text": " as ",
        "userDefined": false
      },
      {
        "text": "well",
        "meta": "@sys.ignore",
        "userDefined": false
      }
    ],
    "isTemplate": false,
    "count": 0,
    "updated": 0
  }
]