[
  {
    "id": "3647376c-de67-40f9-9542-2abc08a12a27",
    "data": [
      {
        "text": "check available space on my device",
        "userDefined": false
      }
    ],
    "isTemplate": false,
    "count": 0,
    "updated": 1524712597
  },
  {
    "id": "33b81ee8-63d0-4ba8-8f37-f4929ed9bed7",
    "data": [
      {
        "text": "check device memory",
        "userDefined": false
      }
    ],
    "isTemplate": false,
    "count": 0,
    "updated": 0
  },
  {
    "id": "e7d3073b-1842-4193-84d4-b32a2843e478",
    "data": [
      {
        "text": "how much free memory do I have",
        "userDefined": false
      }
    ],
    "isTemplate": false,
    "count": 0,
    "updated": 0
  },
  {
    "id": "d7a4fbd7-3b7d-485f-ad72-eabcd6d898af",
    "data": [
      {
        "text": "check storage space on my device",
        "userDefined": false
      }
    ],
    "isTemplate": false,
    "count": 0,
    "updated": 0
  },
  {
    "id": "acacc38d-b6e4-4a34-97a8-d729e8fa59a9",
    "data": [
      {
        "text": "do I have enough space",
        "userDefined": false
      }
    ],
    "isTemplate": false,
    "count": 0,
    "updated": 0
  },
  {
    "id": "d7636f0c-9726-4dea-b0ea-2c5f2674e296",
    "data": [
      {
        "text": "memory left",
        "userDefined": false
      }
    ],
    "isTemplate": false,
    "count": 0,
    "updated": 0
  },
  {
    "id": "1b178c85-0baa-4ffc-998b-da8df1482597",
    "data": [
      {
        "text": "how much space is left",
        "userDefined": false
      }
    ],
    "isTemplate": false,
    "count": 0,
    "updated": 0
  },
  {
    "id": "874b3383-b189-4d3d-b0a3-1440be1aeec7",
    "data": [
      {
        "text": "how much space do I have left",
        "userDefined": false
      }
    ],
    "isTemplate": false,
    "count": 0,
    "updated": 0
  },
  {
    "id": "ba8e5236-533a-4e9c-b866-af76b081561d",
    "data": [
      {
        "text": "device memory check",
        "userDefined": false
      }
    ],
    "isTemplate": false,
    "count": 0,
    "updated": 0
  },
  {
    "id": "6796faa4-764a-4f6d-8ab5-56ee4eb73564",
    "data": [
      {
        "text": "how is my storage capacity looking",
        "userDefined": false
      }
    ],
    "isTemplate": false,
    "count": 0,
    "updated": 1524712597
  },
  {
    "id": "c39517d6-086f-42a0-877d-0d302a6e3ed1",
    "data": [
      {
        "text": "space left on my device",
        "userDefined": false
      }
    ],
    "isTemplate": false,
    "count": 0,
    "updated": 0
  },
  {
    "id": "27c08e95-83fd-4aba-91ba-c1c965aae9a0",
    "data": [
      {
        "text": "device memory capacity",
        "userDefined": false
      }
    ],
    "isTemplate": false,
    "count": 0,
    "updated": 0
  },
  {
    "id": "c342d0c1-a634-4c1f-b58a-9e363a16607b",
    "data": [
      {
        "text": "how much ",
        "userDefined": false
      },
      {
        "text": "space",
        "meta": "@sys.ignore",
        "userDefined": true
      },
      {
        "text": " is ",
        "userDefined": false
      },
      {
        "text": "left",
        "meta": "@sys.ignore",
        "userDefined": true
      }
    ],
    "isTemplate": false,
    "count": 0,
    "updated": 0
  }
]