[
  {
    "id": "05b6b610-4f49-4df0-8e88-b01a6e047424",
    "data": [
      {
        "text": "battery status",
        "userDefined": false
      }
    ],
    "isTemplate": false,
    "count": 0,
    "updated": 0
  },
  {
    "id": "c3edc93c-38c3-4fd8-896e-796f0aebdf97",
    "data": [
      {
        "text": "how much battery I got left",
        "userDefined": false
      }
    ],
    "isTemplate": false,
    "count": 0,
    "updated": 0
  },
  {
    "id": "ee76b011-f2e7-4f8d-b3a6-750fa11a281d",
    "data": [
      {
        "text": "show my battery percentage",
        "userDefined": false
      }
    ],
    "isTemplate": false,
    "count": 0,
    "updated": 0
  },
  {
    "id": "5bf68d26-23e4-43cd-a4cc-4a508beff92b",
    "data": [
      {
        "text": "what\u0027s my battery charge",
        "userDefined": false
      }
    ],
    "isTemplate": false,
    "count": 0,
    "updated": 0
  },
  {
    "id": "ed1faaf3-e6a2-42e4-b30f-ccede01cae50",
    "data": [
      {
        "text": "battery life",
        "userDefined": false
      }
    ],
    "isTemplate": false,
    "count": 0,
    "updated": 0
  },
  {
    "id": "5a0e3971-7f8e-4821-9108-111dafe0fe69",
    "data": [
      {
        "text": "is my battery low",
        "userDefined": false
      }
    ],
    "isTemplate": false,
    "count": 0,
    "updated": 0
  },
  {
    "id": "fae98294-3e3a-481e-9ea8-4c71abcc5531",
    "data": [
      {
        "text": "how is my battery",
        "userDefined": false
      }
    ],
    "isTemplate": false,
    "count": 0,
    "updated": 0
  },
  {
    "id": "0585677f-5818-40c7-8168-81741662b730",
    "data": [
      {
        "text": "how much battery do I have",
        "userDefined": false
      }
    ],
    "isTemplate": false,
    "count": 0,
    "updated": 0
  },
  {
    "id": "921678a7-7f8f-4a4e-831d-85864f4d5fdd",
    "data": [
      {
        "text": "how full is my battery",
        "userDefined": false
      }
    ],
    "isTemplate": false,
    "count": 0,
    "updated": 0
  },
  {
    "id": "87e36e6c-045d-4d9f-b5c1-ec50c8fc9303",
    "data": [
      {
        "text": "do I need to charge my battery",
        "userDefined": false
      }
    ],
    "isTemplate": false,
    "count": 0,
    "updated": 0
  },
  {
    "id": "a4ad7a33-ea6b-42f8-a069-24037461ceab",
    "data": [
      {
        "text": "battery monitor",
        "userDefined": false
      }
    ],
    "isTemplate": false,
    "count": 0,
    "updated": 0
  },
  {
    "id": "d25f4f1b-ca51-49bf-a6f7-74d7c5a405ec",
    "data": [
      {
        "text": "is the battery charged",
        "userDefined": false
      }
    ],
    "isTemplate": false,
    "count": 0,
    "updated": 0
  },
  {
    "id": "76e32eca-ff4b-4af7-a975-9f03322c9065",
    "data": [
      {
        "text": "battery level",
        "userDefined": false
      }
    ],
    "isTemplate": false,
    "count": 0,
    "updated": 0
  },
  {
    "id": "1159ec00-8c2e-495b-82ae-6dadde4229f5",
    "data": [
      {
        "text": "check battery level",
        "userDefined": false
      }
    ],
    "isTemplate": false,
    "count": 0,
    "updated": 0
  },
  {
    "id": "ac344519-1328-4ef5-82ba-58262fb308e1",
    "data": [
      {
        "text": "how low is my battery",
        "userDefined": false
      }
    ],
    "isTemplate": false,
    "count": 0,
    "updated": 0
  },
  {
    "id": "ca40179d-ddb7-4002-8688-632fdea6f1c8",
    "data": [
      {
        "text": "what\u0027s my battery level",
        "userDefined": false
      }
    ],
    "isTemplate": false,
    "count": 0,
    "updated": 0
  },
  {
    "id": "2bfa8bd1-d954-4a4f-a615-0c5b3dfe4f6e",
    "data": [
      {
        "text": "do I need to recharge",
        "userDefined": false
      }
    ],
    "isTemplate": false,
    "count": 0,
    "updated": 0
  },
  {
    "id": "317b67f6-2771-4d30-b61b-80a87d9c6136",
    "data": [
      {
        "text": "how much battery is remaining",
        "userDefined": false
      }
    ],
    "isTemplate": false,
    "count": 0,
    "updated": 0
  },
  {
    "id": "996f4020-194d-4a42-b742-bfc22e826c6d",
    "data": [
      {
        "text": "what is my battery percentage",
        "userDefined": false
      }
    ],
    "isTemplate": false,
    "count": 0,
    "updated": 0
  },
  {
    "id": "e75378a5-1d8b-4f1e-be00-a448ef8b62b3",
    "data": [
      {
        "text": "how much battery power do I have",
        "userDefined": false
      }
    ],
    "isTemplate": false,
    "count": 0,
    "updated": 0
  },
  {
    "id": "ba505597-d906-4fa2-b4c3-0a9e2a04a448",
    "data": [
      {
        "text": "can you check my battery",
        "userDefined": false
      }
    ],
    "isTemplate": false,
    "count": 0,
    "updated": 0
  }
]